{
  "farPlane": 9276.988,
  "targetPosition": [
    54.0656,
    -16.8482,
    -13.8118
  ],
  "nearPlane": 2.3192,
  "upVector": [
    -0.49398,
    0.86922,
    -0.02097
  ],
  "eyePosition": [
    92.3787,
    -220.0202,
    350.7122
  ]
}