{
  "farPlane": 786.656,
  "nearPlane": 0.00786897,
  "upVector": [0, 0, -1.0],
  "targetPosition": [0.6283, -5.3678, 71.481],
  "eyePosition": [-80.59325009097213, 10.3678, -1.481]
}
