{
  "frameCount": 32,
  "rows": 208,
  "cols": 256,
  "corners": {
    "tl": [
      -139.7797250931161,
      -131.00752232763378,
      -70.20935043623884
    ],
    "tr": [
      213.95811224029507,
      -131.0075156797485,
      -137.06398706439484
    ],
    "bl": [
      -105.8268432567725,
      97.31113594901902,
      109.44042578893693
    ],
    "br": [
      247.91099407663864,
      97.31114259690429,
      42.585789160780934
    ]
  },
  "triggerTimes": [
    0.0,
    31.625,
    63.25,
    94.875,
    126.5,
    158.125,
    189.75,
    221.375,
    253.0,
    284.625,
    316.25,
    347.875,
    379.5,
    411.125,
    442.75,
    474.375,
    506.0,
    537.625,
    569.25,
    600.875,
    632.5,
    664.125,
    695.75,
    727.375,
    759.0,
    790.625,
    822.25,
    853.875,
    885.5,
    917.125,
    948.75,
    980.375
  ]
}